cpu,elapsed_sec_mean,elapsed_sec_std,memory_reduction_vs_before,numpy,os,peak_memory_mb_mean,peak_memory_mb_std,python,repeat,rows,seed,size,speedup_vs_before,torch,variant
"Intel64 Family 6 Model 140 Stepping 1, GenuineIntel",0.5002637600060552,0.07200697694632284,,2.3.5,Windows-11-10.0.22621-SP0,3.0110904,4.7415029934028095,3.12.9,5,360,42,small,,2.10.0+cpu,before_mapping
"Intel64 Family 6 Model 140 Stepping 1, GenuineIntel",0.11274983999319374,0.011978706861110142,0.9560512032451766,2.3.5,Windows-11-10.0.22621-SP0,0.1323338,0.010957123879011323,3.12.9,5,360,42,small,4.4369354318928895,2.10.0+cpu,after_mapping
"Intel64 Family 6 Model 140 Stepping 1, GenuineIntel",1.282175000011921,0.04631291363511682,,2.3.5,Windows-11-10.0.22621-SP0,0.9695309999999999,0.002094725638359341,3.12.9,5,1080,42,medium,,2.10.0+cpu,before_mapping
"Intel64 Family 6 Model 140 Stepping 1, GenuineIntel",0.3079057200346142,0.008295295735212717,0.6556675340963827,2.3.5,Windows-11-10.0.22621-SP0,0.333841,0.007403641333830254,3.12.9,5,1080,42,medium,4.1641805156064695,2.10.0+cpu,after_mapping
"Intel64 Family 6 Model 140 Stepping 1, GenuineIntel",2.890603079972789,0.2933444456216135,,2.3.5,Windows-11-10.0.22621-SP0,1.5309190000000001,0.0019667639665196784,3.12.9,5,2160,42,large,,2.10.0+cpu,before_mapping
"Intel64 Family 6 Model 140 Stepping 1, GenuineIntel",0.7423132200259716,0.01876631380044791,0.5813856905558035,2.3.5,Windows-11-10.0.22621-SP0,0.6408646,0.005056871740513115,3.12.9,5,2160,42,large,3.894047690369376,2.10.0+cpu,after_mapping
